{"stats":{"minecraft:picked_up":{"minecraft:charcoal":2,"minecraft:birch_door":5,"minecraft:crafting_table":11,"minecraft:chicken":1,"minecraft:wooden_pickaxe":1,"minecraft:chain":8,"minecraft:shield":1,"minecraft:raw_copper":29,"minecraft:string":23,"minecraft:iron_leggings":1,"minecraft:sticky_piston":1,"horror_element_mod:human_remains":4,"minecraft:cobbled_deepslate":5,"minecraft:spruce_planks":52,"minecraft:beef":20,"minecraft:oak_boat":1,"minecraft:iron_nugget":16,"minecraft:iron_pickaxe":1,"minecraft:tinted_glass":2,"minecraft:melon_slice":3,"minecraft:furnace":6,"minecraft:egg":1,"minecraft:stick":7,"minecraft:raw_iron":13,"horror_element_mod:slashed_skull":1,"hunting_delight:humanmeat":12,"minecraft:torch":17,"hunting_delight:cookedhumanmeat":8,"minecraft:porkchop":9,"minecraft:diorite":6,"minecraft:deepslate_tile_stairs":2,"minecraft:mangrove_trapdoor":2,"minecraft:stone_pressure_plate":2,"minecraft:light_gray_bed":14,"minecraft:rotten_flesh":5,"k_turrets:raw_titanium":32,"minecraft:cracked_deepslate_bricks":6,"minecraft:mangrove_roots":1,"minecraft:gold_ingot":9,"bunker_down:ceiling_lamp":5,"hunting_delight:worm":2,"minecraft:mutton":20,"minecraft:obsidian":1,"minecraft:cobblestone":194,"minecraft:iron_bars":4,"minecraft:skeleton_skull":10,"minecraft:white_wool":11,"minecraft:cracked_deepslate_tiles":2,"minecraft:birch_log":15,"minecraft:feather":3,"minecraft:cooked_beef":3,"minecraft:andesite":25,"bunker_down:steel_vent":1,"minecraft:potato":51,"minecraft:birch_planks":30,"minecraft:skull_banner_pattern":1,"minecraft:oak_log":5,"hunting_delight:soaked_coal":1,"minecraft:gunpowder":8,"minecraft:dirt":74,"bunker_down:steel_block":7,"minecraft:cooked_mutton":11,"minecraft:bone":72,"minecraft:apple":3,"minecraft:stonecutter":10,"minecraft:wheat_seeds":1,"minecraft:stone_pickaxe":2,"minecraft:iron_ingot":10,"minecraft:cobweb":18,"minecraft:iron_sword":1,"minecraft:stone_hoe":1,"minecraft:oak_planks":36,"minecraft:cooked_porkchop":2,"minecraft:sweet_berries":70,"minecraft:dripstone_block":6,"minecraft:spruce_sapling":4,"minecraft:spruce_log":50,"minecraft:trapped_chest":1,"hunting_delight:animal_fat":15,"minecraft:light_gray_concrete":5,"hunting_delight:huntingknife":1,"minecraft:stone_axe":5,"minecraft:lever":1,"minecraft:granite":14,"hunting_delight:broken_bone":74,"minecraft:bone_meal":26,"minecraft:spruce_sign":1,"minecraft:emerald":23,"horror_element_mod:broken_light":1,"minecraft:oak_sapling":1,"minecraft:black_wool":2,"minecraft:netherrack":41,"minecraft:coal":225},"minecraft:custom":{"minecraft:mob_kills":24,"minecraft:interact_with_crafting_table":18,"minecraft:open_barrel":1,"minecraft:interact_with_campfire":8,"minecraft:leave_game":1,"minecraft:time_since_death":22914,"minecraft:climb_one_cm":19989,"minecraft:sprint_one_cm":276374,"minecraft:walk_one_cm":217032,"minecraft:damage_blocked_by_shield":495,"minecraft:drop":35,"minecraft:play_time":104436,"minecraft:deaths":3,"minecraft:sneak_time":5527,"minecraft:walk_under_water_one_cm":21338,"minecraft:boat_one_cm":165615,"minecraft:jump":1521,"minecraft:walk_on_water_one_cm":14165,"minecraft:total_world_time":104436,"minecraft:interact_with_furnace":50,"minecraft:sleep_in_bed":16,"minecraft:time_since_rest":5168,"minecraft:damage_taken":1715,"minecraft:trigger_trapped_chest":2,"minecraft:damage_dealt":3510,"minecraft:swim_one_cm":84379,"minecraft:fly_one_cm":241802,"minecraft:open_chest":21,"minecraft:crouch_one_cm":13375,"minecraft:interact_with_smoker":2,"minecraft:fall_one_cm":35686},"minecraft:mined":{"minecraft:dark_oak_planks":1,"minecraft:stone_pressure_plate":3,"minecraft:spruce_planks":2,"minecraft:sculk_vein":3,"minecraft:mangrove_roots":4,"minecraft:granite":24,"minecraft:lever":1,"minecraft:grass_block":17,"horror_element_mod:light_on":1,"minecraft:light_gray_bed":12,"minecraft:mangrove_trapdoor":1,"minecraft:deepslate_tile_stairs":1,"minecraft:spruce_leaves":25,"minecraft:large_fern":2,"minecraft:sculk_catalyst":1,"minecraft:furnace":3,"minecraft:iron_ore":16,"minecraft:cobbled_deepslate":4,"minecraft:andesite":26,"bunker_down:steel_vent":1,"minecraft:sculk_shrieker":1,"minecraft:iron_bars":2,"minecraft:light_gray_concrete":9,"bunker_down:steel_block":7,"bunker_down:broken_ceiling_lamp":5,"minecraft:stone":138,"minecraft:white_wool":1,"minecraft:piston_head":1,"bunker_down:airlock_iron_door":1,"minecraft:crafting_table":7,"minecraft:torch":1,"minecraft:campfire":1,"minecraft:copper_ore":8,"minecraft:tall_grass":2,"minecraft:cobblestone":8,"minecraft:cracked_deepslate_bricks":4,"minecraft:diorite":6,"minecraft:wall_torch":1,"minecraft:trapped_chest":1,"minecraft:tinted_glass":1,"minecraft:redstone_torch":2,"minecraft:sweet_berry_bush":10,"minecraft:spruce_log":21,"minecraft:birch_door":1,"minecraft:grass":3,"k_turrets:titanium_ore":5,"minecraft:cracked_deepslate_tiles":3,"minecraft:oak_log":5,"minecraft:coal_ore":73,"minecraft:dripstone_block":9,"minecraft:dirt":7,"minecraft:cobweb":12,"minecraft:oak_leaves":3,"minecraft:fern":1},"minecraft:crafted":{"minecraft:oak_planks":12,"minecraft:furnace":1,"minecraft:bone_meal":36,"minecraft:cooked_mutton":17,"minecraft:stone_pickaxe":2,"minecraft:chest":2,"minecraft:birch_door":3,"cgm:workbench":1,"hunting_delight:huntingknife":1,"minecraft:cooked_beef":3,"minecraft:cooked_porkchop":2,"minecraft:crafting_table":1,"minecraft:spruce_planks":40,"minecraft:wooden_pickaxe":1,"minecraft:stone_axe":1,"minecraft:air":0,"minecraft:shield":1,"minecraft:stick":20,"minecraft:iron_ingot":9,"minecraft:iron_pickaxe":1,"minecraft:torch":16},"minecraft:broken":{"minecraft:iron_pickaxe":1},"minecraft:killed":{"minecraft:skeleton":1,"minecraft:chicken":1,"minecraft:pig":4,"minecraft:creeper":2,"minecraft:sheep":5,"minecraft:zombie":6,"minecraft:cow":3},"minecraft:used":{"minecraft:iron_bars":1,"minecraft:cracked_deepslate_bricks":3,"bunker_down:ceiling_lamp":5,"minecraft:chest":2,"minecraft:spruce_planks":12,"minecraft:shield":16,"minecraft:tinted_glass":1,"minecraft:iron_sword":41,"minecraft:stone_hoe":2,"minecraft:rotten_flesh":1,"minecraft:netherrack":5,"minecraft:torch":18,"minecraft:dirt":36,"cgm:workbench":1,"bunker_down:brittle_pickaxe":12,"minecraft:birch_door":2,"hunting_delight:cookedhumanmeat":8,"hunting_delight:worm":1,"minecraft:mangrove_roots":1,"minecraft:sweet_berries":17,"minecraft:furnace":1,"minecraft:trapped_chest":1,"minecraft:light_gray_bed":11,"minecraft:iron_leggings":1,"minecraft:cooked_mutton":8,"minecraft:birch_planks":2,"minecraft:stone_pickaxe":32,"minecraft:wooden_pickaxe":7,"minecraft:white_wool":1,"minecraft:crafting_table":8,"minecraft:oak_log":2,"minecraft:lever":1,"bunker_down:steel_block":5,"minecraft:bread":1,"minecraft:iron_pickaxe":323,"minecraft:stone_axe":57,"minecraft:cobblestone":93,"minecraft:cooked_porkchop":2,"minecraft:andesite":25,"minecraft:oak_boat":1},"minecraft:killed_by":{"minecraft:zombie":1,"minecraft:pig":1},"minecraft:dropped":{"minecraft:iron_ingot":1,"minecraft:spruce_sign":1,"minecraft:mangrove_trapdoor":1,"hunting_delight:humanmeat":2,"minecraft:feather":3,"hunting_delight:broken_bone":21,"minecraft:cobblestone":1,"horror_element_mod:slashed_skull":1,"minecraft:deepslate_tile_stairs":1,"minecraft:cobweb":9,"minecraft:torch":1,"minecraft:mutton":4,"minecraft:melon_slice":6,"minecraft:stonecutter":5,"hunting_delight:worm":1,"hunting_delight:animal_fat":6,"minecraft:string":14,"minecraft:birch_log":15,"minecraft:stone_axe":2,"minecraft:obsidian":1,"minecraft:cooked_mutton":1,"minecraft:skeleton_skull":6,"minecraft:stone_pressure_plate":2,"minecraft:iron_bars":2,"minecraft:wooden_pickaxe":2,"minecraft:stone_pickaxe":1,"minecraft:netherrack":36}},"DataVersion":3120}