{"stats":{"minecraft:mined":{"minecraft:spruce_planks":2,"minecraft:sculk_vein":1,"minecraft:mangrove_roots":4,"minecraft:grass_block":14,"horror_element_mod:light_on":1,"minecraft:light_gray_bed":9,"minecraft:mangrove_trapdoor":1,"minecraft:deepslate_tile_stairs":1,"minecraft:spruce_leaves":25,"minecraft:large_fern":1,"minecraft:iron_ore":9,"minecraft:cobbled_deepslate":4,"minecraft:iron_bars":2,"minecraft:light_gray_concrete":4,"minecraft:stone":81,"minecraft:white_wool":1,"minecraft:piston_head":1,"minecraft:crafting_table":6,"minecraft:campfire":1,"minecraft:tall_grass":1,"minecraft:cobblestone":8,"minecraft:cracked_deepslate_bricks":3,"minecraft:wall_torch":1,"minecraft:trapped_chest":1,"minecraft:tinted_glass":1,"minecraft:sweet_berry_bush":10,"minecraft:spruce_log":21,"k_turrets:titanium_ore":5,"minecraft:cracked_deepslate_tiles":3,"minecraft:coal_ore":70,"minecraft:oak_log":5,"minecraft:dirt":7,"minecraft:cobweb":7,"minecraft:oak_leaves":3,"minecraft:fern":1},"minecraft:used":{"minecraft:iron_bars":1,"minecraft:cracked_deepslate_bricks":3,"minecraft:spruce_planks":12,"minecraft:tinted_glass":1,"minecraft:iron_sword":15,"minecraft:netherrack":5,"minecraft:rotten_flesh":1,"minecraft:torch":6,"minecraft:dirt":27,"bunker_down:brittle_pickaxe":12,"hunting_delight:cookedhumanmeat":6,"hunting_delight:worm":1,"minecraft:sweet_berries":17,"minecraft:mangrove_roots":1,"minecraft:trapped_chest":1,"minecraft:light_gray_bed":8,"minecraft:iron_leggings":1,"minecraft:cooked_mutton":1,"minecraft:birch_planks":2,"minecraft:stone_pickaxe":32,"minecraft:wooden_pickaxe":7,"minecraft:white_wool":1,"minecraft:crafting_table":6,"minecraft:oak_log":2,"minecraft:bread":1,"minecraft:iron_pickaxe":148,"minecraft:stone_axe":46,"minecraft:cobblestone":93,"minecraft:cooked_porkchop":2,"minecraft:oak_boat":1},"minecraft:killed_by":{"minecraft:zombie":1},"minecraft:crafted":{"minecraft:oak_planks":12,"minecraft:cooked_mutton":2,"minecraft:stone_pickaxe":2,"hunting_delight:huntingknife":1,"minecraft:cooked_porkchop":2,"minecraft:crafting_table":1,"minecraft:spruce_planks":40,"minecraft:wooden_pickaxe":1,"minecraft:stone_axe":1,"minecraft:air":0,"minecraft:shield":1,"minecraft:stick":16,"minecraft:torch":4},"minecraft:picked_up":{"minecraft:charcoal":2,"minecraft:crafting_table":9,"minecraft:wooden_pickaxe":1,"minecraft:chain":8,"minecraft:string":7,"minecraft:sticky_piston":1,"horror_element_mod:human_remains":4,"minecraft:cobbled_deepslate":5,"minecraft:spruce_planks":27,"minecraft:beef":14,"minecraft:oak_boat":1,"minecraft:tinted_glass":2,"minecraft:melon_slice":3,"minecraft:egg":1,"minecraft:stick":7,"minecraft:raw_iron":10,"horror_element_mod:slashed_skull":1,"hunting_delight:humanmeat":10,"minecraft:torch":3,"hunting_delight:cookedhumanmeat":8,"minecraft:porkchop":2,"minecraft:deepslate_tile_stairs":2,"minecraft:mangrove_trapdoor":2,"minecraft:light_gray_bed":10,"minecraft:rotten_flesh":5,"k_turrets:raw_titanium":17,"minecraft:cracked_deepslate_bricks":6,"minecraft:mangrove_roots":1,"minecraft:gold_ingot":4,"hunting_delight:worm":2,"minecraft:cobblestone":122,"minecraft:mutton":12,"minecraft:obsidian":1,"minecraft:iron_bars":4,"minecraft:skeleton_skull":9,"minecraft:white_wool":5,"minecraft:cracked_deepslate_tiles":2,"minecraft:birch_log":15,"minecraft:potato":27,"minecraft:birch_planks":22,"minecraft:skull_banner_pattern":1,"minecraft:oak_log":5,"minecraft:gunpowder":4,"minecraft:dirt":60,"minecraft:bone":16,"minecraft:stonecutter":10,"minecraft:wheat_seeds":1,"minecraft:iron_ingot":2,"minecraft:stone_pickaxe":2,"minecraft:cobweb":18,"minecraft:oak_planks":19,"minecraft:cooked_porkchop":2,"minecraft:sweet_berries":48,"minecraft:spruce_sapling":3,"minecraft:spruce_log":35,"minecraft:trapped_chest":1,"hunting_delight:animal_fat":7,"minecraft:stone_axe":4,"hunting_delight:broken_bone":50,"minecraft:spruce_sign":1,"minecraft:emerald":10,"horror_element_mod:broken_light":1,"minecraft:oak_sapling":1,"minecraft:black_wool":1,"minecraft:netherrack":41,"minecraft:coal":90},"minecraft:killed":{"minecraft:pig":1,"minecraft:creeper":2,"minecraft:sheep":3,"minecraft:zombie":3,"minecraft:cow":2},"minecraft:dropped":{"minecraft:spruce_sign":1,"minecraft:mangrove_trapdoor":1,"minecraft:cobblestone":1,"hunting_delight:broken_bone":21,"horror_element_mod:slashed_skull":1,"minecraft:deepslate_tile_stairs":1,"minecraft:torch":1,"minecraft:melon_slice":6,"minecraft:stonecutter":5,"hunting_delight:worm":1,"minecraft:stone_axe":2,"minecraft:obsidian":1,"minecraft:cooked_mutton":1,"minecraft:skeleton_skull":6,"minecraft:iron_bars":2,"minecraft:wooden_pickaxe":2,"minecraft:stone_pickaxe":1,"minecraft:netherrack":36},"minecraft:custom":{"minecraft:mob_kills":12,"minecraft:interact_with_crafting_table":8,"minecraft:open_barrel":1,"minecraft:interact_with_campfire":8,"minecraft:leave_game":1,"minecraft:time_since_death":42760,"minecraft:climb_one_cm":16205,"minecraft:sprint_one_cm":161766,"minecraft:walk_one_cm":140859,"minecraft:drop":22,"minecraft:play_time":63577,"minecraft:deaths":2,"minecraft:sneak_time":2184,"minecraft:walk_under_water_one_cm":15711,"minecraft:boat_one_cm":165615,"minecraft:jump":1026,"minecraft:walk_on_water_one_cm":8913,"minecraft:total_world_time":63577,"minecraft:interact_with_furnace":2,"minecraft:sleep_in_bed":13,"minecraft:time_since_rest":2208,"minecraft:damage_taken":1006,"minecraft:trigger_trapped_chest":2,"minecraft:damage_dealt":1740,"minecraft:swim_one_cm":64772,"minecraft:fly_one_cm":149363,"minecraft:open_chest":10,"minecraft:crouch_one_cm":7214,"minecraft:interact_with_smoker":2,"minecraft:fall_one_cm":23717}},"DataVersion":3120}