{"stats":{"minecraft:mined":{"minecraft:spruce_planks":2,"minecraft:sculk_vein":1,"minecraft:mangrove_roots":4,"minecraft:crafting_table":6,"horror_element_mod:light_on":1,"minecraft:grass_block":13,"minecraft:campfire":1,"minecraft:light_gray_bed":7,"minecraft:mangrove_trapdoor":1,"minecraft:cobblestone":8,"minecraft:deepslate_tile_stairs":1,"minecraft:spruce_leaves":25,"minecraft:cracked_deepslate_bricks":3,"minecraft:wall_torch":1,"minecraft:large_fern":1,"minecraft:trapped_chest":1,"minecraft:tinted_glass":1,"minecraft:iron_ore":9,"minecraft:cobbled_deepslate":4,"minecraft:sweet_berry_bush":10,"minecraft:spruce_log":21,"k_turrets:titanium_ore":5,"minecraft:cracked_deepslate_tiles":3,"minecraft:oak_log":5,"minecraft:coal_ore":69,"minecraft:iron_bars":2,"minecraft:dirt":5,"minecraft:cobweb":3,"minecraft:stone":62,"minecraft:white_wool":1,"minecraft:oak_leaves":3,"minecraft:fern":1,"minecraft:piston_head":1},"minecraft:used":{"minecraft:cooked_mutton":1,"minecraft:iron_bars":1,"minecraft:cracked_deepslate_bricks":3,"minecraft:birch_planks":2,"minecraft:stone_pickaxe":32,"minecraft:spruce_planks":12,"minecraft:wooden_pickaxe":7,"minecraft:tinted_glass":1,"minecraft:iron_sword":9,"minecraft:rotten_flesh":1,"minecraft:netherrack":5,"minecraft:white_wool":1,"minecraft:torch":6,"minecraft:dirt":14,"minecraft:crafting_table":6,"bunker_down:brittle_pickaxe":12,"minecraft:oak_log":2,"hunting_delight:cookedhumanmeat":4,"minecraft:iron_pickaxe":124,"minecraft:bread":1,"hunting_delight:worm":1,"minecraft:stone_axe":41,"minecraft:oak_boat":1,"minecraft:cobblestone":59,"minecraft:mangrove_roots":1,"minecraft:sweet_berries":17,"minecraft:cooked_porkchop":2,"minecraft:iron_leggings":1,"minecraft:trapped_chest":1,"minecraft:light_gray_bed":6},"minecraft:killed_by":{"minecraft:zombie":1},"minecraft:crafted":{"minecraft:oak_planks":12,"minecraft:cooked_porkchop":2,"minecraft:crafting_table":1,"minecraft:spruce_planks":40,"minecraft:wooden_pickaxe":1,"minecraft:stone_axe":1,"minecraft:cooked_mutton":2,"minecraft:air":0,"minecraft:shield":1,"minecraft:stick":16,"minecraft:stone_pickaxe":2,"hunting_delight:huntingknife":1,"minecraft:torch":4},"minecraft:picked_up":{"minecraft:cracked_deepslate_tiles":2,"minecraft:birch_log":15,"minecraft:charcoal":2,"minecraft:crafting_table":9,"minecraft:wooden_pickaxe":1,"minecraft:potato":27,"minecraft:birch_planks":22,"minecraft:skull_banner_pattern":1,"minecraft:oak_log":5,"minecraft:chain":8,"minecraft:gunpowder":4,"minecraft:string":3,"minecraft:dirt":57,"minecraft:sticky_piston":1,"minecraft:bone":4,"horror_element_mod:human_remains":4,"minecraft:stonecutter":10,"minecraft:wheat_seeds":1,"minecraft:cobbled_deepslate":5,"minecraft:spruce_planks":27,"minecraft:oak_boat":1,"minecraft:stone_pickaxe":2,"minecraft:iron_ingot":2,"minecraft:cobweb":18,"minecraft:tinted_glass":2,"minecraft:oak_planks":19,"minecraft:egg":1,"minecraft:stick":7,"minecraft:raw_iron":10,"horror_element_mod:slashed_skull":1,"minecraft:cooked_porkchop":2,"minecraft:sweet_berries":48,"hunting_delight:humanmeat":10,"minecraft:torch":3,"hunting_delight:cookedhumanmeat":8,"minecraft:porkchop":2,"minecraft:spruce_sapling":3,"minecraft:spruce_log":35,"minecraft:deepslate_tile_stairs":2,"minecraft:trapped_chest":1,"minecraft:mangrove_trapdoor":2,"hunting_delight:animal_fat":7,"minecraft:light_gray_bed":8,"minecraft:rotten_flesh":5,"minecraft:stone_axe":4,"minecraft:oak_sapling":1,"k_turrets:raw_titanium":17,"minecraft:mangrove_roots":1,"hunting_delight:broken_bone":35,"minecraft:cracked_deepslate_bricks":6,"minecraft:gold_ingot":4,"minecraft:spruce_sign":1,"minecraft:emerald":10,"minecraft:obsidian":1,"minecraft:netherrack":41,"horror_element_mod:broken_light":1,"hunting_delight:worm":1,"minecraft:iron_bars":4,"minecraft:skeleton_skull":9,"minecraft:mutton":4,"minecraft:coal":89,"minecraft:white_wool":5,"minecraft:cobblestone":103},"minecraft:killed":{"minecraft:pig":1,"minecraft:creeper":2,"minecraft:sheep":2,"minecraft:zombie":3},"minecraft:dropped":{"minecraft:spruce_sign":1,"minecraft:stone_axe":2,"minecraft:mangrove_trapdoor":1,"minecraft:obsidian":1,"minecraft:cobblestone":1,"hunting_delight:broken_bone":21,"minecraft:cooked_mutton":1,"horror_element_mod:slashed_skull":1,"minecraft:deepslate_tile_stairs":1,"minecraft:skeleton_skull":6,"minecraft:iron_bars":2,"minecraft:stonecutter":5,"minecraft:stone_pickaxe":1,"minecraft:wooden_pickaxe":2,"minecraft:netherrack":36},"minecraft:custom":{"minecraft:interact_with_furnace":2,"minecraft:mob_kills":8,"minecraft:interact_with_crafting_table":8,"minecraft:open_barrel":1,"minecraft:interact_with_campfire":8,"minecraft:leave_game":1,"minecraft:time_since_death":32429,"minecraft:sleep_in_bed":10,"minecraft:climb_one_cm":15705,"minecraft:time_since_rest":13785,"minecraft:sprint_one_cm":141932,"minecraft:damage_taken":940,"minecraft:walk_one_cm":119943,"minecraft:trigger_trapped_chest":1,"minecraft:drop":18,"minecraft:damage_dealt":1280,"minecraft:swim_one_cm":57577,"minecraft:fly_one_cm":132418,"minecraft:open_chest":8,"minecraft:crouch_one_cm":7164,"minecraft:play_time":53246,"minecraft:boat_one_cm":59334,"minecraft:deaths":2,"minecraft:sneak_time":2132,"minecraft:walk_under_water_one_cm":10838,"minecraft:jump":927,"minecraft:interact_with_smoker":2,"minecraft:walk_on_water_one_cm":6393,"minecraft:total_world_time":53246,"minecraft:fall_one_cm":21960}},"DataVersion":3120}