{"stats":{"minecraft:mined":{"minecraft:grass_block":8,"minecraft:oak_log":5,"minecraft:light_gray_bed":2,"minecraft:dirt":5,"minecraft:cobblestone":7,"minecraft:stone":5,"minecraft:oak_leaves":1},"minecraft:used":{"minecraft:dirt":10,"minecraft:cobblestone":6,"bunker_down:brittle_pickaxe":12,"minecraft:light_gray_bed":2},"minecraft:picked_up":{"minecraft:light_gray_bed":2,"minecraft:oak_log":5,"hunting_delight:worm":1,"minecraft:dirt":13,"minecraft:cobblestone":12},"minecraft:custom":{"minecraft:time_since_rest":0,"minecraft:open_chest":1,"minecraft:crouch_one_cm":1612,"minecraft:play_time":5390,"minecraft:sprint_one_cm":3837,"minecraft:walk_one_cm":8927,"minecraft:sneak_time":552,"minecraft:walk_under_water_one_cm":1571,"minecraft:jump":69,"minecraft:time_since_death":5390,"minecraft:walk_on_water_one_cm":1333,"minecraft:sleep_in_bed":1,"minecraft:total_world_time":5390,"minecraft:climb_one_cm":781,"minecraft:swim_one_cm":24166,"minecraft:fall_one_cm":418,"minecraft:fly_one_cm":1588}},"DataVersion":3120}