{"stats":{"minecraft:mined":{"minecraft:spruce_planks":2,"minecraft:crafting_table":4,"minecraft:grass_block":12,"minecraft:light_gray_bed":4,"minecraft:cobblestone":7,"minecraft:cracked_deepslate_bricks":1,"minecraft:iron_ore":1,"minecraft:cobbled_deepslate":4,"minecraft:sweet_berry_bush":10,"minecraft:spruce_log":10,"k_turrets:titanium_ore":2,"minecraft:cracked_deepslate_tiles":3,"minecraft:oak_log":5,"minecraft:coal_ore":16,"minecraft:dirt":5,"minecraft:stone":6,"minecraft:oak_leaves":1,"minecraft:fern":1,"minecraft:piston_head":1},"minecraft:used":{"minecraft:stone_pickaxe":24,"minecraft:spruce_planks":12,"minecraft:wooden_pickaxe":7,"minecraft:rotten_flesh":1,"minecraft:dirt":10,"minecraft:crafting_table":4,"bunker_down:brittle_pickaxe":12,"minecraft:oak_log":2,"hunting_delight:worm":1,"minecraft:stone_axe":18,"minecraft:cobblestone":6,"minecraft:sweet_berries":17,"minecraft:light_gray_bed":3},"minecraft:crafted":{"minecraft:oak_planks":12,"minecraft:crafting_table":1,"minecraft:spruce_planks":40,"minecraft:wooden_pickaxe":1,"minecraft:stone_axe":1,"minecraft:stick":16,"minecraft:stone_pickaxe":2},"minecraft:picked_up":{"minecraft:cracked_deepslate_tiles":2,"minecraft:crafting_table":5,"minecraft:wooden_pickaxe":1,"minecraft:potato":3,"minecraft:oak_log":5,"minecraft:dirt":24,"minecraft:sticky_piston":1,"minecraft:bone":2,"minecraft:wheat_seeds":1,"minecraft:cobbled_deepslate":5,"minecraft:spruce_planks":2,"minecraft:cobweb":3,"minecraft:oak_planks":2,"minecraft:raw_iron":1,"minecraft:sweet_berries":26,"hunting_delight:humanmeat":2,"minecraft:porkchop":2,"minecraft:spruce_sapling":2,"minecraft:spruce_log":20,"hunting_delight:animal_fat":7,"minecraft:light_gray_bed":5,"minecraft:rotten_flesh":1,"minecraft:stone_axe":1,"k_turrets:raw_titanium":2,"hunting_delight:broken_bone":11,"minecraft:cracked_deepslate_bricks":1,"hunting_delight:worm":1,"minecraft:mutton":2,"minecraft:coal":20,"minecraft:white_wool":2,"minecraft:cobblestone":13},"minecraft:killed":{"minecraft:pig":1,"minecraft:sheep":2},"minecraft:dropped":{"minecraft:wooden_pickaxe":2},"minecraft:custom":{"minecraft:mob_kills":3,"minecraft:interact_with_crafting_table":5,"minecraft:leave_game":1,"minecraft:time_since_death":6769,"minecraft:sleep_in_bed":3,"minecraft:climb_one_cm":1857,"minecraft:time_since_rest":6799,"minecraft:sprint_one_cm":37809,"minecraft:damage_taken":365,"minecraft:walk_one_cm":32591,"minecraft:drop":2,"minecraft:damage_dealt":260,"minecraft:swim_one_cm":28619,"minecraft:fly_one_cm":36644,"minecraft:open_chest":3,"minecraft:crouch_one_cm":3354,"minecraft:play_time":17246,"minecraft:deaths":1,"minecraft:sneak_time":1206,"minecraft:walk_under_water_one_cm":4619,"minecraft:jump":300,"minecraft:walk_on_water_one_cm":1961,"minecraft:total_world_time":17246,"minecraft:fall_one_cm":8896}},"DataVersion":3120}