{"stats":{"minecraft:mined":{"minecraft:light_gray_bed":1},"minecraft:used":{"minecraft:leather_chestplate":1},"minecraft:killed_by":{"minecraft:drowned":2},"minecraft:picked_up":{"minecraft:light_gray_bed":1},"minecraft:custom":{"minecraft:jump":8,"minecraft:open_chest":2,"minecraft:time_since_rest":759,"minecraft:damage_dealt":32,"minecraft:damage_taken":525,"minecraft:leave_game":2,"minecraft:time_since_death":504,"minecraft:play_time":4810,"minecraft:sprint_one_cm":2520,"minecraft:walk_one_cm":4491,"minecraft:walk_on_water_one_cm":5752,"minecraft:deaths":2,"minecraft:sneak_time":11,"minecraft:total_world_time":4810,"minecraft:climb_one_cm":1131,"minecraft:walk_under_water_one_cm":13891,"minecraft:swim_one_cm":24932,"minecraft:fly_one_cm":1980}},"DataVersion":3120}