{"stats":{"minecraft:picked_up":{"minecraft:birch_log":24,"minecraft:raw_iron":5,"minecraft:stick":2,"minecraft:crafting_table":5,"minecraft:chicken":2,"hunting_delight:humanmeat":2,"minecraft:birch_planks":44,"minecraft:oak_log":5,"hunting_delight:animal_fat":4,"minecraft:dirt":18,"minecraft:arrow":2,"minecraft:light_gray_bed":1,"minecraft:purple_bed":2,"k_turrets:raw_titanium":3,"hunting_delight:broken_bone":20,"minecraft:cobweb":9,"minecraft:mutton":4,"minecraft:coal":90,"minecraft:cobblestone":66,"minecraft:furnace":1},"minecraft:custom":{"minecraft:time_since_rest":7945,"minecraft:interact_with_furnace":7,"minecraft:sprint_one_cm":39873,"minecraft:damage_taken":1765,"minecraft:walk_one_cm":62450,"minecraft:trigger_trapped_chest":1,"minecraft:mob_kills":2,"minecraft:drop":2,"minecraft:damage_dealt":128,"minecraft:swim_one_cm":25618,"minecraft:interact_with_crafting_table":8,"minecraft:fly_one_cm":92171,"minecraft:open_chest":5,"minecraft:crouch_one_cm":2425,"minecraft:play_time":41255,"minecraft:sneak_time":744,"minecraft:deaths":6,"minecraft:walk_under_water_one_cm":14044,"minecraft:jump":493,"minecraft:leave_game":22,"minecraft:time_since_death":7126,"minecraft:walk_on_water_one_cm":9114,"minecraft:sleep_in_bed":3,"minecraft:total_world_time":41255,"minecraft:climb_one_cm":2587,"minecraft:fall_one_cm":18198},"minecraft:mined":{"minecraft:purple_bed":2,"minecraft:furnace":1,"minecraft:birch_log":9,"minecraft:lilac":1,"minecraft:birch_leaves":1,"minecraft:crafting_table":5,"minecraft:grass":2,"k_turrets:titanium_ore":3,"minecraft:grass_block":2,"minecraft:oak_log":6,"minecraft:coal_ore":90,"minecraft:dirt":5,"minecraft:light_gray_bed":1,"minecraft:oak_pressure_plate":1,"minecraft:tall_grass":1,"minecraft:cobblestone":8,"minecraft:stone":60},"minecraft:crafted":{"minecraft:crafting_table":2,"minecraft:spruce_planks":20,"minecraft:stick":24,"minecraft:cooked_chicken":1,"minecraft:wooden_pickaxe":2,"minecraft:stone_pickaxe":3,"minecraft:wooden_axe":1,"minecraft:furnace":1,"minecraft:birch_planks":96,"minecraft:stone_axe":2,"minecraft:cooked_mutton":4,"minecraft:air":0},"minecraft:broken":{"minecraft:stone_pickaxe":1},"minecraft:killed":{"minecraft:chicken":2},"minecraft:used":{"minecraft:birch_planks":2,"minecraft:stone_pickaxe":140,"minecraft:wooden_pickaxe":29,"minecraft:leather_chestplate":1,"minecraft:cooked_chicken":1,"minecraft:stone_axe":7,"minecraft:cobblestone":16,"minecraft:purple_bed":1,"minecraft:crafting_table":4,"minecraft:furnace":1},"minecraft:killed_by":{"minecraft:drowned":2,"minecraft:skeleton":1,"minecraft:creeper":2,"minecraft:zombie":1},"minecraft:dropped":{"minecraft:wooden_axe":1,"minecraft:wooden_pickaxe":1}},"DataVersion":3120}