{"stats":{"minecraft:mined":{"minecraft:purple_bed":2,"minecraft:birch_log":9,"minecraft:birch_leaves":1,"minecraft:crafting_table":1,"minecraft:coal_ore":51,"minecraft:light_gray_bed":1,"minecraft:oak_pressure_plate":1,"minecraft:cobblestone":8,"minecraft:tall_grass":1,"minecraft:stone":39},"minecraft:used":{"minecraft:stone_pickaxe":92,"minecraft:wooden_pickaxe":6,"minecraft:leather_chestplate":1,"minecraft:stone_axe":1,"minecraft:cobblestone":16,"minecraft:purple_bed":1,"minecraft:crafting_table":1},"minecraft:killed_by":{"minecraft:drowned":2,"minecraft:creeper":2},"minecraft:crafted":{"minecraft:crafting_table":2,"minecraft:spruce_planks":20,"minecraft:stick":8,"minecraft:wooden_pickaxe":1,"minecraft:stone_pickaxe":1,"minecraft:wooden_axe":1,"minecraft:birch_planks":36,"minecraft:stone_axe":1},"minecraft:picked_up":{"minecraft:birch_log":9,"minecraft:stick":2,"minecraft:crafting_table":1,"hunting_delight:humanmeat":2,"minecraft:birch_planks":20,"minecraft:dirt":11,"minecraft:purple_bed":2,"minecraft:light_gray_bed":1,"minecraft:coal":51,"minecraft:cobblestone":48},"minecraft:dropped":{"minecraft:wooden_axe":1,"minecraft:wooden_pickaxe":1},"minecraft:custom":{"minecraft:time_since_rest":2280,"minecraft:sprint_one_cm":19384,"minecraft:damage_taken":1215,"minecraft:walk_one_cm":37439,"minecraft:trigger_trapped_chest":1,"minecraft:drop":2,"minecraft:damage_dealt":32,"minecraft:swim_one_cm":25618,"minecraft:interact_with_crafting_table":4,"minecraft:fly_one_cm":44964,"minecraft:open_chest":5,"minecraft:crouch_one_cm":863,"minecraft:play_time":25873,"minecraft:deaths":4,"minecraft:sneak_time":384,"minecraft:walk_under_water_one_cm":14044,"minecraft:jump":231,"minecraft:leave_game":15,"minecraft:walk_on_water_one_cm":5757,"minecraft:time_since_death":9583,"minecraft:sleep_in_bed":3,"minecraft:climb_one_cm":2587,"minecraft:total_world_time":25873,"minecraft:fall_one_cm":9688}},"DataVersion":3120}