{"stats":{"minecraft:mined":{"minecraft:purple_bed":2,"minecraft:birch_log":9,"minecraft:lilac":1,"minecraft:birch_leaves":1,"minecraft:crafting_table":2,"k_turrets:titanium_ore":3,"minecraft:oak_log":5,"minecraft:coal_ore":90,"minecraft:light_gray_bed":1,"minecraft:oak_pressure_plate":1,"minecraft:tall_grass":1,"minecraft:cobblestone":8,"minecraft:stone":42},"minecraft:used":{"minecraft:stone_pickaxe":137,"minecraft:wooden_pickaxe":6,"minecraft:leather_chestplate":1,"minecraft:stone_axe":1,"minecraft:cobblestone":16,"minecraft:purple_bed":1,"minecraft:crafting_table":2},"minecraft:killed_by":{"minecraft:drowned":2,"minecraft:skeleton":1,"minecraft:creeper":2,"minecraft:zombie":1},"minecraft:crafted":{"minecraft:crafting_table":2,"minecraft:spruce_planks":20,"minecraft:stick":16,"minecraft:wooden_pickaxe":1,"minecraft:stone_pickaxe":2,"minecraft:wooden_axe":1,"minecraft:birch_planks":36,"minecraft:stone_axe":1},"minecraft:picked_up":{"minecraft:birch_log":9,"minecraft:stick":2,"minecraft:crafting_table":2,"hunting_delight:humanmeat":2,"minecraft:birch_planks":20,"minecraft:oak_log":4,"minecraft:dirt":11,"minecraft:light_gray_bed":1,"minecraft:purple_bed":2,"k_turrets:raw_titanium":3,"minecraft:coal":90,"minecraft:cobblestone":51},"minecraft:broken":{"minecraft:stone_pickaxe":1},"minecraft:dropped":{"minecraft:wooden_axe":1,"minecraft:wooden_pickaxe":1},"minecraft:custom":{"minecraft:time_since_rest":677,"minecraft:sprint_one_cm":24895,"minecraft:damage_taken":1685,"minecraft:walk_one_cm":51452,"minecraft:trigger_trapped_chest":1,"minecraft:drop":2,"minecraft:damage_dealt":32,"minecraft:swim_one_cm":25618,"minecraft:interact_with_crafting_table":5,"minecraft:fly_one_cm":65413,"minecraft:open_chest":5,"minecraft:crouch_one_cm":2425,"minecraft:play_time":33987,"minecraft:sneak_time":742,"minecraft:deaths":6,"minecraft:walk_under_water_one_cm":14044,"minecraft:jump":331,"minecraft:leave_game":21,"minecraft:time_since_death":0,"minecraft:walk_on_water_one_cm":5757,"minecraft:sleep_in_bed":3,"minecraft:total_world_time":33987,"minecraft:climb_one_cm":2587,"minecraft:fall_one_cm":13949}},"DataVersion":3120}