{"stats":{"minecraft:mined":{"minecraft:birch_log":9,"minecraft:crafting_table":1,"minecraft:coal_ore":17,"minecraft:light_gray_bed":1,"minecraft:oak_pressure_plate":1,"minecraft:tall_grass":1,"minecraft:stone":22},"minecraft:used":{"minecraft:stone_pickaxe":33,"minecraft:wooden_pickaxe":6,"minecraft:leather_chestplate":1,"minecraft:stone_axe":1,"minecraft:cobblestone":1,"minecraft:crafting_table":1},"minecraft:killed_by":{"minecraft:drowned":2,"minecraft:creeper":2},"minecraft:crafted":{"minecraft:crafting_table":1,"minecraft:stick":8,"minecraft:wooden_pickaxe":1,"minecraft:stone_pickaxe":1,"minecraft:wooden_axe":1,"minecraft:birch_planks":36,"minecraft:stone_axe":1},"minecraft:picked_up":{"minecraft:birch_log":9,"minecraft:stick":2,"minecraft:crafting_table":1,"hunting_delight:humanmeat":2,"minecraft:birch_planks":20,"minecraft:dirt":11,"minecraft:light_gray_bed":1,"minecraft:coal":17,"minecraft:cobblestone":24},"minecraft:dropped":{"minecraft:wooden_axe":1,"minecraft:wooden_pickaxe":1},"minecraft:custom":{"minecraft:time_since_rest":3691,"minecraft:sprint_one_cm":15072,"minecraft:damage_taken":1165,"minecraft:walk_one_cm":25112,"minecraft:trigger_trapped_chest":1,"minecraft:drop":2,"minecraft:damage_dealt":32,"minecraft:swim_one_cm":24932,"minecraft:interact_with_crafting_table":4,"minecraft:fly_one_cm":38844,"minecraft:open_chest":2,"minecraft:crouch_one_cm":639,"minecraft:play_time":18360,"minecraft:deaths":4,"minecraft:sneak_time":273,"minecraft:walk_under_water_one_cm":13891,"minecraft:jump":173,"minecraft:leave_game":13,"minecraft:walk_on_water_one_cm":5752,"minecraft:time_since_death":2070,"minecraft:climb_one_cm":1404,"minecraft:total_world_time":18360,"minecraft:fall_one_cm":7710}},"DataVersion":3120}