{"stats":{"minecraft:mined":{"minecraft:magma_block":6,"minecraft:iron_ore":1,"k_turrets:titanium_ore":10,"minecraft:coal_ore":24,"minecraft:oak_log":6,"minecraft:gravel":4,"minecraft:stone":16,"minecraft:netherrack":45,"minecraft:oak_leaves":1},"minecraft:used":{"minecraft:stone_pickaxe":99,"minecraft:wooden_pickaxe":3,"minecraft:gravel":4,"minecraft:netherrack":2,"minecraft:crafting_table":1},"minecraft:crafted":{"minecraft:oak_planks":24,"minecraft:crafting_table":1,"minecraft:stick":4,"minecraft:wooden_pickaxe":1,"minecraft:stone_pickaxe":1},"minecraft:picked_up":{"minecraft:raw_iron":1,"minecraft:magma_block":10,"hunting_delight:humanmeat":2,"minecraft:wooden_pickaxe":1,"minecraft:filled_map":1,"minecraft:gravel":4,"minecraft:golden_shovel":1,"minecraft:oak_log":6,"minecraft:lapis_lazuli":12,"minecraft:gold_nugget":47,"k_turrets:raw_titanium":20,"minecraft:iron_ingot":2,"minecraft:stone_pickaxe":1,"hunting_delight:broken_bone":3,"minecraft:emerald":4,"minecraft:gold_ingot":4,"minecraft:netherrack":84,"minecraft:obsidian":1,"minecraft:oak_planks":15,"minecraft:coal":48,"minecraft:cobblestone":24},"minecraft:custom":{"minecraft:time_since_rest":17378,"minecraft:interact_with_furnace":1,"minecraft:sprint_one_cm":23972,"minecraft:damage_taken":370,"minecraft:walk_one_cm":23876,"minecraft:swim_one_cm":63319,"minecraft:interact_with_crafting_table":2,"minecraft:fly_one_cm":28842,"minecraft:open_chest":5,"minecraft:crouch_one_cm":201,"minecraft:play_time":17378,"minecraft:sneak_time":595,"minecraft:walk_under_water_one_cm":25083,"minecraft:jump":188,"minecraft:leave_game":3,"minecraft:walk_on_water_one_cm":8036,"minecraft:time_since_death":17378,"minecraft:climb_one_cm":1299,"minecraft:total_world_time":17378,"minecraft:fall_one_cm":4441}},"DataVersion":3120}