{"stats":{"minecraft:picked_up":{"minecraft:magma_block":15,"minecraft:feather":5,"minecraft:chicken":1,"minecraft:ladder":4,"minecraft:leather":3,"minecraft:wooden_pickaxe":2,"bunker_down:steel_vent":1,"minecraft:potato":14,"minecraft:filled_map":2,"minecraft:wither_rose":3,"minecraft:golden_shovel":2,"minecraft:gilded_blackstone":4,"minecraft:oak_log":8,"bunker_down:airlock_iron_door":1,"minecraft:polished_deepslate":1,"minecraft:lapis_lazuli":24,"minecraft:dirt":16,"minecraft:raw_copper":6,"bunker_down:steel_block":5,"minecraft:cooked_mutton":1,"minecraft:sticky_piston":6,"minecraft:bone":10,"minecraft:beetroot":3,"minecraft:kelp":2,"minecraft:wheat_seeds":9,"minecraft:gold_nugget":94,"minecraft:beef":18,"minecraft:iron_ingot":3,"minecraft:stone_pickaxe":1,"minecraft:observer":1,"minecraft:melon_slice":3,"minecraft:oak_planks":15,"minecraft:furnace":2,"minecraft:dark_oak_sapling":1,"minecraft:stick":1,"minecraft:raw_iron":8,"hunting_delight:humanmeat":2,"minecraft:torch":1,"minecraft:gravel":4,"minecraft:sand":1,"minecraft:carrot":15,"minecraft:spruce_log":4,"minecraft:redstone":1,"minecraft:deepslate_tile_stairs":1,"minecraft:dark_oak_log":3,"hunting_delight:animal_fat":13,"minecraft:light_gray_bed":4,"minecraft:rotten_flesh":3,"minecraft:beetroot_seeds":20,"minecraft:soul_lantern":1,"minecraft:lever":1,"k_turrets:raw_titanium":40,"hunting_delight:broken_bone":19,"minecraft:cracked_deepslate_bricks":1,"minecraft:bone_meal":2,"minecraft:gold_ingot":4,"minecraft:emerald":4,"hunting_delight:worm":3,"minecraft:netherrack":120,"minecraft:obsidian":1,"minecraft:mutton":3,"minecraft:coal":120,"minecraft:cobblestone":58},"minecraft:custom":{"minecraft:interact_with_furnace":13,"minecraft:mob_kills":5,"minecraft:interact_with_crafting_table":12,"minecraft:open_barrel":3,"minecraft:leave_game":11,"minecraft:time_since_death":3656,"minecraft:sleep_in_bed":3,"minecraft:climb_one_cm":17097,"minecraft:time_since_rest":3751,"minecraft:sprint_one_cm":155446,"minecraft:damage_taken":1545,"minecraft:walk_one_cm":150582,"minecraft:trigger_trapped_chest":1,"minecraft:drop":3,"minecraft:damage_dealt":619,"minecraft:swim_one_cm":83539,"minecraft:fly_one_cm":184962,"minecraft:open_chest":10,"minecraft:play_time":72910,"minecraft:crouch_one_cm":4179,"minecraft:deaths":3,"minecraft:sneak_time":1993,"minecraft:walk_under_water_one_cm":35589,"minecraft:boat_one_cm":272544,"minecraft:jump":915,"minecraft:walk_on_water_one_cm":13327,"minecraft:total_world_time":72910,"minecraft:interact_with_smoker":3,"minecraft:fall_one_cm":25650},"minecraft:mined":{"minecraft:piston_head":2,"bunker_down:airlock_iron_door":1,"minecraft:dark_oak_leaves":4,"minecraft:observer":1,"minecraft:grass_block":2,"minecraft:light_gray_bed":4,"minecraft:copper_ore":2,"minecraft:tall_grass":8,"minecraft:cobblestone":1,"minecraft:large_fern":2,"minecraft:magma_block":6,"minecraft:carrots":13,"minecraft:furnace":2,"minecraft:iron_ore":8,"minecraft:sticky_piston":4,"minecraft:wheat":8,"minecraft:spruce_log":4,"bunker_down:steel_vent":1,"minecraft:wither_rose":4,"minecraft:grass":12,"k_turrets:titanium_ore":26,"minecraft:potatoes":13,"minecraft:oak_log":8,"minecraft:coal_ore":24,"minecraft:beetroots":13,"minecraft:sand":1,"minecraft:gravel":4,"minecraft:dirt":4,"bunker_down:steel_block":6,"minecraft:stone":50,"minecraft:netherrack":45,"minecraft:oak_leaves":2},"minecraft:crafted":{"minecraft:cooked_beef":31,"minecraft:oak_planks":32,"minecraft:crafting_table":5,"hunting_delight:soaked_coal":2,"minecraft:spruce_planks":16,"minecraft:wooden_pickaxe":2,"minecraft:cooked_chicken":1,"minecraft:furnace":2,"minecraft:air":0,"minecraft:oak_boat":1,"minecraft:stick":16,"minecraft:stone_pickaxe":3,"minecraft:stone_sword":1,"minecraft:dark_oak_planks":12,"hunting_delight:huntingknife":1},"minecraft:killed":{"minecraft:zombie":2,"minecraft:chicken":1,"minecraft:cow":2},"minecraft:used":{"minecraft:beetroot":1,"minecraft:cooked_mutton":1,"minecraft:writable_book":1,"minecraft:stone_sword":26,"minecraft:stone_pickaxe":171,"minecraft:wooden_pickaxe":15,"minecraft:iron_sword":9,"minecraft:rotten_flesh":2,"minecraft:netherrack":6,"minecraft:crafting_table":5,"minecraft:carrot":25,"minecraft:gravel":4,"minecraft:magma_block":4,"minecraft:cobblestone":5,"minecraft:furnace":2,"minecraft:cooked_beef":2,"minecraft:wither_rose":2,"minecraft:oak_boat":1,"minecraft:potato":14,"minecraft:light_gray_bed":2},"minecraft:killed_by":{"minecraft:creeper":1,"minecraft:zombie":1,"minecraft:cow":1},"minecraft:dropped":{"hunting_delight:soaked_coal":1,"minecraft:coal":39,"minecraft:gilded_blackstone":4}},"DataVersion":3120}