{"stats":{"minecraft:mined":{"minecraft:piston_head":2,"bunker_down:airlock_iron_door":1,"minecraft:dark_oak_leaves":4,"minecraft:observer":1,"minecraft:grass_block":1,"minecraft:light_gray_bed":1,"minecraft:cobblestone":1,"minecraft:magma_block":6,"minecraft:furnace":2,"minecraft:carrots":5,"minecraft:iron_ore":4,"minecraft:sticky_piston":4,"bunker_down:steel_vent":1,"k_turrets:titanium_ore":18,"minecraft:oak_log":6,"minecraft:potatoes":5,"minecraft:coal_ore":24,"minecraft:beetroots":5,"minecraft:gravel":4,"bunker_down:steel_block":6,"minecraft:stone":23,"minecraft:netherrack":45,"minecraft:oak_leaves":1},"minecraft:used":{"minecraft:beetroot":1,"minecraft:cooked_mutton":1,"minecraft:writable_book":1,"minecraft:stone_pickaxe":133,"minecraft:wooden_pickaxe":11,"minecraft:iron_sword":9,"minecraft:rotten_flesh":2,"minecraft:netherrack":6,"minecraft:crafting_table":2,"minecraft:carrot":11,"minecraft:gravel":4,"minecraft:magma_block":4,"minecraft:potato":10},"minecraft:killed_by":{"minecraft:creeper":1,"minecraft:zombie":1},"minecraft:crafted":{"minecraft:oak_planks":24,"minecraft:crafting_table":2,"minecraft:wooden_pickaxe":1,"minecraft:stick":8,"minecraft:stone_pickaxe":2,"minecraft:dark_oak_planks":12},"minecraft:picked_up":{"minecraft:magma_block":15,"minecraft:ladder":4,"bunker_down:steel_vent":1,"minecraft:wooden_pickaxe":2,"minecraft:potato":6,"minecraft:filled_map":2,"minecraft:golden_shovel":2,"minecraft:gilded_blackstone":4,"minecraft:oak_log":6,"bunker_down:airlock_iron_door":1,"minecraft:polished_deepslate":1,"minecraft:lapis_lazuli":24,"minecraft:dirt":11,"bunker_down:steel_block":5,"minecraft:cooked_mutton":1,"minecraft:sticky_piston":6,"minecraft:beetroot":3,"minecraft:gold_nugget":94,"minecraft:iron_ingot":2,"minecraft:stone_pickaxe":1,"minecraft:observer":1,"minecraft:oak_planks":15,"minecraft:furnace":2,"minecraft:dark_oak_sapling":1,"minecraft:stick":1,"minecraft:raw_iron":4,"hunting_delight:humanmeat":2,"minecraft:gravel":4,"minecraft:carrot":7,"minecraft:redstone":1,"minecraft:deepslate_tile_stairs":1,"minecraft:dark_oak_log":3,"minecraft:light_gray_bed":1,"minecraft:rotten_flesh":2,"minecraft:beetroot_seeds":12,"minecraft:soul_lantern":1,"minecraft:lever":1,"k_turrets:raw_titanium":32,"hunting_delight:broken_bone":5,"minecraft:cracked_deepslate_bricks":1,"minecraft:emerald":4,"minecraft:gold_ingot":4,"minecraft:netherrack":120,"minecraft:obsidian":1,"minecraft:coal":120,"minecraft:cobblestone":32},"minecraft:killed":{"minecraft:zombie":1},"minecraft:dropped":{"minecraft:gilded_blackstone":4},"minecraft:custom":{"minecraft:interact_with_furnace":1,"minecraft:mob_kills":1,"minecraft:interact_with_crafting_table":3,"minecraft:open_barrel":3,"minecraft:leave_game":4,"minecraft:time_since_death":188,"minecraft:climb_one_cm":13172,"minecraft:time_since_rest":266,"minecraft:sprint_one_cm":74960,"minecraft:damage_taken":1090,"minecraft:walk_one_cm":81866,"minecraft:drop":1,"minecraft:damage_dealt":190,"minecraft:swim_one_cm":68532,"minecraft:fly_one_cm":71045,"minecraft:open_chest":10,"minecraft:play_time":36537,"minecraft:crouch_one_cm":1906,"minecraft:deaths":2,"minecraft:sneak_time":1327,"minecraft:walk_under_water_one_cm":29200,"minecraft:jump":443,"minecraft:walk_on_water_one_cm":10439,"minecraft:interact_with_smoker":3,"minecraft:total_world_time":36537,"minecraft:fall_one_cm":13158}},"DataVersion":3120}