{"stats":{"minecraft:picked_up":{"minecraft:magma_block":15,"minecraft:chicken":1,"minecraft:ladder":4,"minecraft:leather":1,"bunker_down:steel_vent":1,"minecraft:wooden_pickaxe":2,"minecraft:potato":11,"minecraft:filled_map":2,"minecraft:wither_rose":3,"minecraft:golden_shovel":2,"minecraft:gilded_blackstone":4,"minecraft:oak_log":8,"bunker_down:airlock_iron_door":1,"minecraft:polished_deepslate":1,"minecraft:lapis_lazuli":24,"minecraft:dirt":16,"minecraft:raw_copper":6,"bunker_down:steel_block":5,"minecraft:cooked_mutton":1,"minecraft:sticky_piston":6,"minecraft:bone":7,"minecraft:beetroot":3,"minecraft:kelp":2,"minecraft:wheat_seeds":8,"minecraft:gold_nugget":94,"minecraft:stone_pickaxe":1,"minecraft:beef":14,"minecraft:iron_ingot":2,"minecraft:observer":1,"minecraft:melon_slice":3,"minecraft:oak_planks":15,"minecraft:furnace":2,"minecraft:dark_oak_sapling":1,"minecraft:stick":1,"minecraft:raw_iron":8,"hunting_delight:humanmeat":2,"minecraft:torch":1,"minecraft:gravel":4,"minecraft:sand":1,"minecraft:carrot":12,"minecraft:spruce_log":4,"minecraft:redstone":1,"minecraft:deepslate_tile_stairs":1,"minecraft:dark_oak_log":3,"hunting_delight:animal_fat":8,"minecraft:light_gray_bed":3,"minecraft:rotten_flesh":2,"minecraft:beetroot_seeds":17,"minecraft:soul_lantern":1,"minecraft:lever":1,"k_turrets:raw_titanium":40,"hunting_delight:broken_bone":9,"minecraft:cracked_deepslate_bricks":1,"minecraft:emerald":4,"minecraft:gold_ingot":4,"hunting_delight:worm":3,"minecraft:obsidian":1,"minecraft:netherrack":120,"minecraft:mutton":3,"minecraft:coal":120,"minecraft:cobblestone":58},"minecraft:custom":{"minecraft:interact_with_furnace":8,"minecraft:mob_kills":2,"minecraft:interact_with_crafting_table":10,"minecraft:open_barrel":3,"minecraft:leave_game":4,"minecraft:time_since_death":27291,"minecraft:sleep_in_bed":2,"minecraft:climb_one_cm":13550,"minecraft:time_since_rest":6980,"minecraft:sprint_one_cm":138168,"minecraft:damage_taken":1250,"minecraft:walk_one_cm":135691,"minecraft:trigger_trapped_chest":1,"minecraft:drop":3,"minecraft:damage_dealt":230,"minecraft:swim_one_cm":83539,"minecraft:fly_one_cm":155689,"minecraft:open_chest":10,"minecraft:play_time":63640,"minecraft:crouch_one_cm":4179,"minecraft:deaths":2,"minecraft:sneak_time":1993,"minecraft:walk_under_water_one_cm":35589,"minecraft:boat_one_cm":272544,"minecraft:jump":782,"minecraft:walk_on_water_one_cm":13174,"minecraft:total_world_time":63640,"minecraft:interact_with_smoker":3,"minecraft:fall_one_cm":22001},"minecraft:mined":{"minecraft:piston_head":2,"bunker_down:airlock_iron_door":1,"minecraft:dark_oak_leaves":4,"minecraft:observer":1,"minecraft:grass_block":2,"minecraft:light_gray_bed":3,"minecraft:tall_grass":8,"minecraft:copper_ore":2,"minecraft:cobblestone":1,"minecraft:large_fern":2,"minecraft:magma_block":6,"minecraft:furnace":2,"minecraft:carrots":10,"minecraft:iron_ore":8,"minecraft:sticky_piston":4,"minecraft:wheat":5,"minecraft:spruce_log":4,"bunker_down:steel_vent":1,"minecraft:wither_rose":4,"k_turrets:titanium_ore":26,"minecraft:grass":12,"minecraft:oak_log":8,"minecraft:potatoes":10,"minecraft:coal_ore":24,"minecraft:beetroots":10,"minecraft:sand":1,"minecraft:gravel":4,"minecraft:dirt":4,"bunker_down:steel_block":6,"minecraft:stone":50,"minecraft:netherrack":45,"minecraft:oak_leaves":2},"minecraft:crafted":{"minecraft:cooked_beef":3,"minecraft:oak_planks":32,"minecraft:crafting_table":5,"hunting_delight:soaked_coal":2,"minecraft:spruce_planks":16,"minecraft:wooden_pickaxe":2,"minecraft:furnace":2,"minecraft:air":0,"minecraft:oak_boat":1,"minecraft:stick":16,"minecraft:stone_pickaxe":3,"minecraft:stone_sword":1,"minecraft:dark_oak_planks":12},"minecraft:killed":{"minecraft:zombie":1,"minecraft:chicken":1},"minecraft:used":{"minecraft:beetroot":1,"minecraft:cooked_mutton":1,"minecraft:writable_book":1,"minecraft:stone_sword":6,"minecraft:stone_pickaxe":171,"minecraft:wooden_pickaxe":15,"minecraft:iron_sword":9,"minecraft:rotten_flesh":2,"minecraft:netherrack":6,"minecraft:crafting_table":5,"minecraft:carrot":25,"minecraft:gravel":4,"minecraft:magma_block":4,"minecraft:cobblestone":5,"minecraft:furnace":2,"minecraft:cooked_beef":1,"minecraft:wither_rose":2,"minecraft:oak_boat":1,"minecraft:potato":14,"minecraft:light_gray_bed":1},"minecraft:killed_by":{"minecraft:creeper":1,"minecraft:zombie":1},"minecraft:dropped":{"hunting_delight:soaked_coal":1,"minecraft:coal":39,"minecraft:gilded_blackstone":4}},"DataVersion":3120}