{"stats":{"minecraft:mined":{"minecraft:piston_head":2,"bunker_down:airlock_iron_door":1,"minecraft:dark_oak_leaves":4,"minecraft:observer":1,"minecraft:grass_block":1,"minecraft:light_gray_bed":3,"minecraft:tall_grass":8,"minecraft:copper_ore":2,"minecraft:cobblestone":1,"minecraft:large_fern":2,"minecraft:magma_block":6,"minecraft:furnace":2,"minecraft:carrots":10,"minecraft:iron_ore":8,"minecraft:sticky_piston":4,"minecraft:wheat":5,"minecraft:spruce_log":4,"minecraft:wither_rose":3,"bunker_down:steel_vent":1,"minecraft:grass":7,"k_turrets:titanium_ore":26,"minecraft:oak_log":8,"minecraft:potatoes":10,"minecraft:coal_ore":24,"minecraft:beetroots":10,"minecraft:dirt":4,"minecraft:sand":1,"minecraft:gravel":4,"bunker_down:steel_block":6,"minecraft:stone":50,"minecraft:netherrack":45,"minecraft:oak_leaves":2},"minecraft:used":{"minecraft:beetroot":1,"minecraft:cooked_mutton":1,"minecraft:writable_book":1,"minecraft:stone_pickaxe":170,"minecraft:wooden_pickaxe":15,"minecraft:iron_sword":9,"minecraft:rotten_flesh":2,"minecraft:netherrack":6,"minecraft:crafting_table":4,"minecraft:carrot":25,"minecraft:gravel":4,"minecraft:cobblestone":5,"minecraft:magma_block":4,"minecraft:wither_rose":1,"minecraft:oak_boat":1,"minecraft:potato":10,"minecraft:light_gray_bed":1},"minecraft:killed_by":{"minecraft:creeper":1,"minecraft:zombie":1},"minecraft:crafted":{"minecraft:oak_planks":32,"minecraft:crafting_table":4,"minecraft:spruce_planks":16,"minecraft:wooden_pickaxe":2,"minecraft:oak_boat":1,"minecraft:stick":12,"minecraft:stone_pickaxe":3,"minecraft:dark_oak_planks":12},"minecraft:picked_up":{"minecraft:magma_block":15,"minecraft:ladder":4,"minecraft:leather":1,"bunker_down:steel_vent":1,"minecraft:wooden_pickaxe":2,"minecraft:potato":11,"minecraft:filled_map":2,"minecraft:wither_rose":2,"minecraft:golden_shovel":2,"minecraft:gilded_blackstone":4,"minecraft:oak_log":8,"bunker_down:airlock_iron_door":1,"minecraft:polished_deepslate":1,"minecraft:lapis_lazuli":24,"minecraft:dirt":15,"minecraft:raw_copper":6,"bunker_down:steel_block":5,"minecraft:cooked_mutton":1,"minecraft:sticky_piston":6,"minecraft:bone":7,"minecraft:beetroot":3,"minecraft:kelp":2,"minecraft:wheat_seeds":7,"minecraft:gold_nugget":94,"minecraft:beef":14,"minecraft:iron_ingot":2,"minecraft:stone_pickaxe":1,"minecraft:observer":1,"minecraft:melon_slice":3,"minecraft:oak_planks":15,"minecraft:furnace":2,"minecraft:dark_oak_sapling":1,"minecraft:stick":1,"minecraft:raw_iron":8,"hunting_delight:humanmeat":2,"minecraft:gravel":4,"minecraft:sand":1,"minecraft:spruce_log":4,"minecraft:carrot":12,"minecraft:redstone":1,"minecraft:deepslate_tile_stairs":1,"minecraft:dark_oak_log":3,"hunting_delight:animal_fat":5,"minecraft:light_gray_bed":3,"minecraft:rotten_flesh":2,"minecraft:beetroot_seeds":17,"minecraft:soul_lantern":1,"minecraft:lever":1,"k_turrets:raw_titanium":40,"hunting_delight:broken_bone":5,"minecraft:cracked_deepslate_bricks":1,"minecraft:emerald":4,"minecraft:gold_ingot":4,"hunting_delight:worm":3,"minecraft:mutton":3,"minecraft:netherrack":120,"minecraft:obsidian":1,"minecraft:coal":120,"minecraft:cobblestone":58},"minecraft:killed":{"minecraft:zombie":1},"minecraft:dropped":{"minecraft:gilded_blackstone":4},"minecraft:custom":{"minecraft:interact_with_furnace":1,"minecraft:mob_kills":1,"minecraft:interact_with_crafting_table":7,"minecraft:open_barrel":3,"minecraft:leave_game":4,"minecraft:time_since_death":22519,"minecraft:sleep_in_bed":2,"minecraft:climb_one_cm":13550,"minecraft:time_since_rest":2208,"minecraft:sprint_one_cm":128411,"minecraft:damage_taken":1240,"minecraft:walk_one_cm":125700,"minecraft:trigger_trapped_chest":1,"minecraft:drop":1,"minecraft:damage_dealt":190,"minecraft:swim_one_cm":83539,"minecraft:fly_one_cm":130278,"minecraft:open_chest":10,"minecraft:play_time":58868,"minecraft:crouch_one_cm":3074,"minecraft:deaths":2,"minecraft:sneak_time":1788,"minecraft:walk_under_water_one_cm":35589,"minecraft:boat_one_cm":272544,"minecraft:jump":686,"minecraft:walk_on_water_one_cm":13174,"minecraft:interact_with_smoker":3,"minecraft:total_world_time":58868,"minecraft:fall_one_cm":19284}},"DataVersion":3120}