{"stats":{"minecraft:mined":{"minecraft:piston_head":2,"bunker_down:airlock_iron_door":1,"minecraft:dark_oak_leaves":4,"minecraft:observer":1,"minecraft:grass_block":1,"minecraft:light_gray_bed":1,"minecraft:tall_grass":6,"minecraft:copper_ore":2,"minecraft:cobblestone":1,"minecraft:large_fern":2,"minecraft:magma_block":6,"minecraft:furnace":2,"minecraft:carrots":5,"minecraft:iron_ore":8,"minecraft:sticky_piston":4,"minecraft:spruce_log":4,"minecraft:wither_rose":2,"bunker_down:steel_vent":1,"minecraft:grass":5,"k_turrets:titanium_ore":26,"minecraft:oak_log":8,"minecraft:potatoes":5,"minecraft:coal_ore":24,"minecraft:beetroots":5,"minecraft:sand":1,"minecraft:gravel":4,"bunker_down:steel_block":6,"minecraft:stone":50,"minecraft:netherrack":45,"minecraft:oak_leaves":2},"minecraft:used":{"minecraft:beetroot":1,"minecraft:cooked_mutton":1,"minecraft:writable_book":1,"minecraft:stone_pickaxe":170,"minecraft:wooden_pickaxe":15,"minecraft:iron_sword":9,"minecraft:rotten_flesh":2,"minecraft:netherrack":6,"minecraft:crafting_table":4,"minecraft:carrot":11,"minecraft:gravel":4,"minecraft:magma_block":4,"minecraft:oak_boat":1,"minecraft:potato":10},"minecraft:killed_by":{"minecraft:creeper":1,"minecraft:zombie":1},"minecraft:crafted":{"minecraft:oak_planks":32,"minecraft:crafting_table":4,"minecraft:spruce_planks":16,"minecraft:wooden_pickaxe":2,"minecraft:oak_boat":1,"minecraft:stick":12,"minecraft:stone_pickaxe":3,"minecraft:dark_oak_planks":12},"minecraft:picked_up":{"minecraft:magma_block":15,"minecraft:ladder":4,"bunker_down:steel_vent":1,"minecraft:wooden_pickaxe":2,"minecraft:potato":6,"minecraft:filled_map":2,"minecraft:wither_rose":1,"minecraft:golden_shovel":2,"minecraft:gilded_blackstone":4,"minecraft:oak_log":8,"bunker_down:airlock_iron_door":1,"minecraft:polished_deepslate":1,"minecraft:lapis_lazuli":24,"minecraft:dirt":11,"minecraft:raw_copper":6,"bunker_down:steel_block":5,"minecraft:cooked_mutton":1,"minecraft:sticky_piston":6,"minecraft:beetroot":3,"minecraft:wheat_seeds":1,"minecraft:gold_nugget":94,"minecraft:iron_ingot":2,"minecraft:stone_pickaxe":1,"minecraft:observer":1,"minecraft:oak_planks":15,"minecraft:furnace":2,"minecraft:dark_oak_sapling":1,"minecraft:stick":1,"minecraft:raw_iron":8,"hunting_delight:humanmeat":2,"minecraft:gravel":4,"minecraft:sand":1,"minecraft:spruce_log":4,"minecraft:carrot":7,"minecraft:redstone":1,"minecraft:deepslate_tile_stairs":1,"minecraft:dark_oak_log":3,"minecraft:light_gray_bed":1,"minecraft:rotten_flesh":2,"minecraft:beetroot_seeds":12,"minecraft:soul_lantern":1,"minecraft:lever":1,"k_turrets:raw_titanium":40,"hunting_delight:broken_bone":5,"minecraft:cracked_deepslate_bricks":1,"minecraft:emerald":4,"minecraft:gold_ingot":4,"minecraft:netherrack":120,"minecraft:obsidian":1,"minecraft:coal":120,"minecraft:cobblestone":58},"minecraft:killed":{"minecraft:zombie":1},"minecraft:dropped":{"minecraft:gilded_blackstone":4},"minecraft:custom":{"minecraft:interact_with_furnace":1,"minecraft:mob_kills":1,"minecraft:interact_with_crafting_table":7,"minecraft:open_barrel":3,"minecraft:leave_game":4,"minecraft:time_since_death":12188,"minecraft:climb_one_cm":13172,"minecraft:time_since_rest":12266,"minecraft:sprint_one_cm":111474,"minecraft:damage_taken":1140,"minecraft:walk_one_cm":105991,"minecraft:drop":1,"minecraft:damage_dealt":190,"minecraft:swim_one_cm":76028,"minecraft:fly_one_cm":110029,"minecraft:open_chest":10,"minecraft:play_time":48537,"minecraft:crouch_one_cm":2816,"minecraft:deaths":2,"minecraft:sneak_time":1496,"minecraft:walk_under_water_one_cm":32272,"minecraft:boat_one_cm":120705,"minecraft:jump":604,"minecraft:walk_on_water_one_cm":12356,"minecraft:interact_with_smoker":3,"minecraft:total_world_time":48537,"minecraft:fall_one_cm":16947}},"DataVersion":3120}