{"stats":{"minecraft:mined":{"minecraft:magma_block":6,"minecraft:carrots":5,"minecraft:iron_ore":1,"k_turrets:titanium_ore":10,"minecraft:potatoes":5,"minecraft:oak_log":6,"minecraft:coal_ore":24,"minecraft:beetroots":5,"minecraft:light_gray_bed":1,"minecraft:gravel":4,"minecraft:cobblestone":1,"minecraft:stone":20,"minecraft:netherrack":45,"minecraft:oak_leaves":1},"minecraft:used":{"minecraft:cooked_mutton":1,"minecraft:stone_pickaxe":99,"minecraft:wooden_pickaxe":8,"minecraft:iron_sword":6,"minecraft:gravel":4,"minecraft:netherrack":6,"minecraft:magma_block":4,"minecraft:crafting_table":1,"minecraft:carrot":7},"minecraft:killed_by":{"minecraft:zombie":1},"minecraft:crafted":{"minecraft:oak_planks":24,"minecraft:crafting_table":1,"minecraft:stick":4,"minecraft:wooden_pickaxe":1,"minecraft:stone_pickaxe":1},"minecraft:picked_up":{"minecraft:magma_block":15,"minecraft:raw_iron":1,"minecraft:ladder":4,"hunting_delight:humanmeat":2,"minecraft:wooden_pickaxe":2,"minecraft:potato":6,"minecraft:filled_map":2,"minecraft:gravel":4,"minecraft:golden_shovel":2,"minecraft:gilded_blackstone":4,"minecraft:oak_log":6,"minecraft:carrot":7,"minecraft:polished_deepslate":1,"minecraft:dark_oak_log":3,"minecraft:deepslate_tile_stairs":1,"minecraft:lapis_lazuli":24,"minecraft:cooked_mutton":1,"minecraft:light_gray_bed":1,"minecraft:beetroot":3,"minecraft:beetroot_seeds":12,"minecraft:soul_lantern":1,"minecraft:gold_nugget":94,"k_turrets:raw_titanium":24,"minecraft:cracked_deepslate_bricks":1,"minecraft:iron_ingot":2,"minecraft:stone_pickaxe":1,"hunting_delight:broken_bone":3,"minecraft:emerald":4,"minecraft:gold_ingot":4,"minecraft:netherrack":120,"minecraft:obsidian":1,"minecraft:oak_planks":15,"minecraft:coal":120,"minecraft:cobblestone":29},"minecraft:dropped":{"minecraft:gilded_blackstone":4},"minecraft:custom":{"minecraft:time_since_rest":8018,"minecraft:interact_with_furnace":1,"minecraft:sprint_one_cm":37074,"minecraft:damage_taken":695,"minecraft:walk_one_cm":51313,"minecraft:drop":1,"minecraft:damage_dealt":59,"minecraft:swim_one_cm":63319,"minecraft:interact_with_crafting_table":2,"minecraft:fly_one_cm":38075,"minecraft:open_barrel":3,"minecraft:open_chest":7,"minecraft:crouch_one_cm":1168,"minecraft:play_time":25523,"minecraft:deaths":1,"minecraft:sneak_time":1082,"minecraft:walk_under_water_one_cm":25083,"minecraft:jump":273,"minecraft:leave_game":3,"minecraft:time_since_death":7778,"minecraft:walk_on_water_one_cm":8036,"minecraft:interact_with_smoker":3,"minecraft:climb_one_cm":7411,"minecraft:total_world_time":25523,"minecraft:fall_one_cm":7189}},"DataVersion":3120}