{"stats":{"minecraft:mined":{"minecraft:gravel":1},"minecraft:picked_up":{"minecraft:gravel":1},"minecraft:custom":{"minecraft:jump":9,"minecraft:open_chest":3,"minecraft:time_since_rest":4508,"minecraft:leave_game":1,"minecraft:damage_taken":40,"minecraft:sprint_one_cm":352,"minecraft:play_time":4508,"minecraft:walk_on_water_one_cm":958,"minecraft:time_since_death":4508,"minecraft:walk_one_cm":2741,"minecraft:sneak_time":378,"minecraft:climb_one_cm":614,"minecraft:total_world_time":4508,"minecraft:walk_under_water_one_cm":15208,"minecraft:swim_one_cm":23341,"minecraft:fly_one_cm":449}},"DataVersion":3120}