{
  "bunker_down:first_joined_world": {
    "criteria": {
      "first_joined_world": "2024-06-26 00:29:50 +0000"
    },
    "done": true
  },
  "minecraft:adventure/root": {
    "criteria": {
      "killed_by_something": "2024-06-26 00:32:27 +0000"
    },
    "done": true
  },
  "minecraft:adventure/adventuring_time": {
    "criteria": {
      "minecraft:taiga": "2024-06-26 00:31:06 +0000",
      "minecraft:dark_forest": "2024-06-26 00:38:48 +0000",
      "minecraft:stony_shore": "2024-06-26 00:29:51 +0000",
      "minecraft:forest": "2024-06-26 01:38:21 +0000",
      "minecraft:deep_cold_ocean": "2024-06-26 00:30:48 +0000",
      "minecraft:savanna": "2024-06-26 01:09:52 +0000"
    },
    "done": false
  },
  "DataVersion": 3120
}